SMILES,ORIGIN
O=C(NC1=CC=NC(C(F)(F)F)=C1)C2=CN=CC3=NN=C(C4=CC=C(OC(F)F)C=C4)N32,OSM S4
c1ncc2n(c1C(NCc1cc(ccc1)Cl)=O)c(nn2)c1ccc(cc1)OC(F)F,OSM S4
O=C(N1CC(C=CC=C2)=C2C1)C3=CN=CC4=NN=C(C5=CC=C(OC(F)F)C=C5)N43,OSM S4
c1ncc2n(c1C(NCc1ccc(cc1)Cl)=O)c(nn2)c1ccc(cc1)OC(F)F,OSM S4
c1ncc2n(c1C(NCC1CCOCC1)=O)c(nn2)c1ccc(cc1)OC(F)F,OSM S4
c1ncc2n(c1C(N1CCN(CC1)c1ncccc1)=O)c(nn2)c1ccc(cc1)OC(F)F,OSM S4
c1ncc2n(c1C(NCCN1CCOCC1)=O)c(nn2)c1ccc(cc1)OC(F)F,OSM S4
c1ncc2n(c1C(N1CCCC1)=O)c(nn2)c1ccc(cc1)OC(F)F,OSM S4
c1ncc2n(c1C(N1C(CCC1)c1ccccc1)=O)c(nn2)c1ccc(cc1)OC(F)F,OSM S4
c1ncc2n(c1C(N1CCN(CC1)S(=O)(C)=O)=O)c(nn2)c1ccc(cc1)OC(F)F,OSM S4
c1ncc2n(c1C(N1CCOCC1)=O)c(nn2)c1ccc(cc1)OC(F)F,OSM S4
c1ncc2n(c1C(=O)N[C@@H](c1ccccc1)C)c(nn2)c1ccc(cc1)OC(F)F,OSM S4
N#CC(C=C1)=CC=C1C2=NN=C3C=NC=C(OCCC4=CC=CC=C4)N32,OSM S4
N#CC(C=C1)=CC=C1C2=NN=C3C=NC=C(SCCC4=CC=CC=C4)N32,OSM S4
N#CC(C=C1)=CC=C1C2=NN=C3C=NC=C(OCCC4=CC=CC=C4Cl)N32,OSM S4
N#CC(C=C1)=CC=C1C2=NN=C3C=NC=C(NCCC4=CC(Cl)=CC=C4)N32,OSM S4
ClC(C=C1)=CC=C1C2=NN=C3C=NC=C(NCCC4=CC(Cl)=CC=C4)N32,OSM S4
O=C(NC1=C(C)C(Cl)=CC=C1)C2=CN=CC(N23)=NN=C3C4=CC=C(OC(F)F)C=C4,OSM S4
c1ncc2n(c1C(Nc1cccc(c1)Cl)=O)c(nn2)c1ccc(cc1)OC(F)F,OSM S4
O=C(NC1=C(F)C(Cl)=CC=C1)C2=CN=CC(N23)=NN=C3C4=CC=C(OC(F)F)C=C4,OSM S4
FC(F)OC(C=C1)=CC=C1C2=NN=C3C=NC=C(C(NC4=CC(C(F)(F)F)=CC(C(F)(F)F)=C4)=O)N32,OSM S4
FC(F)OC(C=C1)=CC=C1C2=NN=C3C=NC=C(C(N4CC(C(F)=CC=C5)=C5C4)=O)N32,OSM S4
FC1=C(F)C=CC(C(OC)COC2=CN=CC3=NN=C(C4=CC=C(C#N)C=C4)N32)=C1,OSM S4
FC1=C(F)C=CC(C(OC)COC2=CN=CC3=NN=C(C4=CC=C(C#N)C=C4)N32)=C1,OSM S4
ClC1=CN=CC2=NN=C(C3=CC=C(C#N)C=C3)N21,OSM S4
ClC1=CN=CC2=NN=C(C3=CC=C(Cl)C=C3)N21,OSM S4
O=C(NC1=CC(Cl)=CC=C1C)C2=CN=CC(N23)=NN=C3C4=CC=C(OC(F)F)C=C4,OSM S4
O=C(NC1=C(C)C(Cl)=CC=C1)C2=CN=CC(N23)=NN=C3C4=CC=C(OC)C=C4,OSM S4
O=C(NC1=C(F)C(Cl)=CC=C1)C2=CN=CC(N23)=NN=C3C4=CC=C(OC)C=C4,OSM S4
O=C(NC1=CC(Cl)=CC=C1C)C2=CN=CC(N23)=NN=C3C4=CC=C(OC)C=C4,OSM S4
ClC1=CC=CC=C1CCOC2=CN=CC3=NN=C(C4=CC=NC=C4)N32,OSM S4
ClC(C=C1)=CC=C1C2=NN=C3C=NC=C(OCC4=CC=C(F)C(F)=C4)N32,OSM S4
FC1=C(F)C=CC(CCOC2=CN=CC3=NN=C(C4=CC=C(OC(F)F)C=C4)N32)=C1,OSM S4
O=C(NC1=CC(Cl)=CC=C1)C2=CN=CC(N23)=NN=C3C4=NC=CC=C4,OSM S4
O=C(NC1=CC(Cl)=CC=C1)C2=CN=CC(N23)=NN=C3C4=CN=CC=C4,OSM S4
N#CC(C=C1)=CC=C1C2=NN=C3N2C(OCC(OC)C4=CC=CC=C4)=CN=C3,OSM S4
O=C(NC1=CC(Cl)=CC=C1)C2=CN=CC(N23)=NN=C3C4=CC=C(OC(F)(F)F)C=C4,OSM S4
FC1=C(F)C=CC(CCOC2=CN=CC3=NN=C(C4=CC=C(Cl)C=C4)N32)=C1,OSM S4
c1ncc2n(c1OCCc1cc(c(cc1)F)F)c(cn2)c1ccc(cc1)Cl,OSM S4
c1ncc2cnc(n2c1OCCc1cc(c(cc1)F)F)c1ccc(cc1)Cl,OSM S4
OC(COc2cncc3nnc(C1CCCCC1)n23)c4ccccc4,OSM S4
OC(COc1cncc2nnc(CC)n12)c3ccccc3,OSM S4
OC(COc2cncc3nnc(c1ccccc1)n23)c4ccccc4,OSM S4
OC(C1=CC=CC=C1)COC2=CN=CC3=NN=C(C4=CN=C(C(F)(F)F)C=C4)N32,OSM S4
OC(C1=CC=CC=C1)COC2=CN=CC3=NN=C(C4=CC=C(OC(F)F)C=C4)N32,OSM S4
FC(F)Oc1ccc(cc1)c2nnc3cncc(OC)n23,OSM S4
FC(F)OC(C=C1)=CC=C1C2=NN=C3C=NC=C(OC[C@H](NC)C4=CC=CC=C4)N32,OSM S4
FC(F)Oc1ccc(cc1)c3nnc4cncc(OCC(N)c2ccccc2)n34,OSM S4
ClC(C=CC=C1)=C1C2=NN=C3N2C(OCCC4=CC=CC=C4)=CN=C3,OSM S4
ClC1=CC=CC(C2=NN=C3N2C(OCCC4=CC=CC=C4)=CN=C3)=C1,OSM S4
ClC(C=C1)=CC=C1C2=NN=C3N2C(OCCC4=CC=CC=C4)=CN=C3,OSM S4
C12=NN=C(C3=CC=CC=C3)N1C(OCCC4=CC=CC=C4)=CN=C2,OSM S4
FC1=CC(C2=NN=C3N2C(OCCC4=CC=CC=C4)=CN=C3)=CC(F)=C1,OSM S4
C12=NN=C(C3=CC(OCO4)=C4C=C3)N1C(OCCC5=CC=CC=C5)=CN=C2,OSM S4
C12=NN=C(C3=CC(C=CC=C4)=C4C=C3)N1C(OCCC5=CC=CC=C5)=CN=C2,OSM S4
FC1=CC(C2=NN=C3N2C(OCC4=NC=CC=C4)=CN=C3)=CC(F)=C1,OSM S4
C12=NN=C(C3=CC(OCO4)=C4C=C3)N1C(OCC5=NC=CC=C5)=CN=C2,OSM S4
C12=NN=C(C3=CC(C=CC=C4)=C4C=C3)N1C(OCC5=NC=CC=C5)=CN=C2,OSM S4
FC(OC(C=C1)=CC=C1C2=NN=C3N2C(OCC4=NC=CC=C4)=CN=C3)F,OSM S4
ClC1=CN=CC(NN)=N1,OSM S4
ClC1=CN=CC(N/N=C/C2=CC=C(C#N)C=C2)=N1,OSM S4
ClC1=CN=CC(N/N=C/C2=CC=C(OC(F)(F)F)C=C2)=N1,OSM S4
ClC1=CN=CC(N/N=C/C2=CC=C(OC(F)F)C=C2)=N1,OSM S4
ClC1=CN=CC(N/N=C/C2=CC=CC=C2)=N1,OSM S4
ClC1=CN=CC(N/N=C/C2=C(Cl)C=CC=C2)=N1,OSM S4
ClC1=CN=CC(N/N=C/C2=CC(Cl)=CC=C2)=N1,OSM S4
ClC1=CN=CC(N/N=C/C2=CC=C(Cl)C=C2)=N1,OSM S4
ClC1=CN=CC(N/N=C/C2=CC(F)=CC(F)=C2)=N1,OSM S4
ClC1=CN=CC(N/N=C/C2=CC=C(OCO3)C3=C2)=N1,OSM S4
ClC1=CN=CC(N/N=C/C2=CC=C(C=CC=C3)C3=C2)=N1,OSM S4
ClC1=CN=CC(N/N=C/C2=CC=C(C(F)(F)F)N=C2)=N1,OSM S4
ClC1=CN=CC(N/N=C/C2CCCN(C2)C(OC(C)(C)C)=O)=N1,OSM S4
ClC1=CN=CC(N/N=C/C2CCCCC2)=N1,OSM S4
ClC1=CN=CC(N/N=C/CC)=N1,OSM S4
ClC1=CN=CC2=NN=C(C3=CC=C(OC(F)(F)F)C=C3)N21,OSM S4
ClC1=NC(N/N=C/C2=CC=NC=C2)=CN=C1,OSM S4
ClC(N12)=CN=CC1=NN=C2C3=CC(F)=CC(F)=C3,OSM S4
ClC(N12)=CN=CC1=NN=C2C3=CN=C(C(F)(F)F)C=C3,OSM S4
ClC(N12)=CN=CC1=NN=C2C3CCCCC3,OSM S4
ClC(N12)=CN=CC1=NN=C2C3CCCN(C3)C(OC(C)(C)C)=O,OSM S4
ClC(N12)=CN=CC1=NN=C2C3=CC=CC=C3,OSM S4
ClC(N12)=CN=CC1=NN=C2C3=CC(C=CC=C4)=C4C=C3,OSM S4
ClC(N12)=CN=CC1=NN=C2C3=CC(OCO4)=C4C=C3,OSM S4
FC1=C(F)C=C(C(C(O)=O)O)C=C1,OSM S4
FC1=C(F)C=C(C(C(OC)=O)OC)C=C1,OSM S4
FC1=C(F)C=C(C(CO)OC)C=C1,OSM S4
ClC1=CN=CC2=NN=C(C3=CC=NC=C3)N21,OSM S4
ClC(N12)=CN=CC1=NN=C2C3=CC(Cl)=CC=C3,OSM S4
ClC(N12)=CN=CC1=NN=C2C3=C(Cl)C=CC=C3,OSM S4
O=C(OCC)C(CO)C1=CC=CC=C1,OSM S4
OC(C(OC)=O)C1=CC=CC=C1,OSM S4
O=C(OC)C(OC)C1=CC=CC=C1,OSM S4
OCC(OC)C1=CC=CC=C1,OSM S4
O=C(OC)C(OC1OCCCC1)C2=CC=CC=C2,OSM S4
OCC(OC1OCCCC1)C2=CC=CC=C2,OSM S4
N[C@@H](CO)C1=CC=CC=C1,OSM S4
O=C(O)[C@H](NC(O)=O)C1=CC=CC=C1,OSM S4
OC[C@H](NC)C1=CC=CC=C1,OSM S4
OC[C@H](N(C)C)C1=CC=CC=C1,OSM S4
O=C(OCC)C(C1=CC=CC=C1)COC2=CN=CC3=NN=C(C4=CC=C(OC(F)F)C=C4)N32,OSM S4
FC(F)OC(C=C1)=CC=C1C2=NN=C3C=NC=C(OC(C)C4=CC=C(Cl)C(Cl)=C4)N32,OSM S4
FC(F)OC(C=C1)=CC=C1C2=NN=C3C=NC=C(OCC4=CC=C(Cl)C(Cl)=C4)N32,OSM S4
FC(F)OC(C=C1)=CC=C1C2=NN=C3C=NC=C(OCC4=CC=C(Cl)C=C4)N32,OSM S4
FC(C=C1)=C(F)C=C1C2=NN=C3C=NC=C(OCCC4=CC=CC=C4)N32,OSM S4
ClC(C=C1)=C(Cl)C=C1C2=NN=C3C=NC=C(OCCC4=CC=CC=C4)N32,OSM S4
ClC1=CC=CC(C2=NN=C3C=NC=C(OCCC4=CC=CC=C4)N32)=C1Cl,OSM S4
FC(C=C1)=CC=C1C2=NN=C3C=NC=C(OCCC4=CC=CC=C4)N32,OSM S4
FC(F)OC(C=C1)=CC=C1C2=NN=C3C=NC=C(OCC(C4=CC=CC=C4)CO)N32,OSM S4
OC(C)(C)COC1=CN=CC2=NN=C(C3=CC=C(OC(F)(F)F)C=C3)N21,OSM S4
FC(F)OC(C=C1)=CC=C1C2=NN=C3C=NC=C(OCC(C4=CC=CC=C4)CN)N32,OSM S4
OC(C1=CC=CC=C1)COC2=CN=CC3=NN=C(C4=NC=CC=C4)N32,OSM S4
FC(F)OC(C=C1)=CC=C1C2=NN=C3C=NC=C(OCC(C)(C)OC)N32,OSM S4
FC(F)OC(C=C1)=CC=C1C2=NN=C3C=NC=C(OCC(C4=CC=CC=C4)N(C)C)N32,OSM S4
FC(F)OC(C=C1)=CC=C1C2=NN=C3C=NC=C(SCC4=CC=CC=C4)N32,OSM S4
FC(F)OC(C=C1)=CC=C1C2=NN=C3C=NC=C(S(CC4=CC=CC=C4)=O)N32,OSM S4
FC(F)OC(C=C1)=CC=C1C2=NN=C3C=NC=C(S(CC4=CC=CC=C4)(=O)=O)N32,OSM S4
FC(F)OC(C=C1)=CC=C1C2=NN=C3C=NC=C(N4N=NC(C5=CC=CC=C5)=C4)N32,OSM S4
FC(F)OC(C=C1)=CC=C1C2=NN=C3C=NC=C(SCCC4=CC=CC=C4)N32,OSM S4
FC(F)OC(C=C1)=CC=C1C2=NN=C3C=NC=C(S(CCC4=CC=CC=C4)=O)N32,OSM S4
FC(F)OC(C=C1)=CC=C1C2=NN=C3C=NC=C(S(CCC4=CC=CC=C4)(=O)=O)N32,OSM S4
C(COc1cncc2n1c(nn2)c1cnc(cc1)C(F)(F)F)c1cc(c(cc1)F)F,OSM S4
O=C(NC1=CC=C(Cl)C=C1)C2=CN=CC3=NN=C(C4=CC=C(OC(F)F)C=C4)N32,OSM S4
FC(F)OC(C=C1)=CC=C1C2=NN=C3C=NC=C(OCC4=CC=CC=C4)N32,OSM S4
FC(F)OC(C=C1)=CC=C1C2=NN=C3C=NC=C(OCCC4=CC=CC=C4)N32,OSM S4
FC(F)OC(C=C1)=CC=C1C2=NN=C3C=NC=C(OCCCC45C6C7C4C8C5C6C87)N32,OSM S4
FC(F)OC(C=C1)=CC=C1C2=NN=C3C=NC=C(OCCC4(C56)C7C6C8C5C4C87)N32,OSM S4
FC(F)OC(C=C1)=CC=C1C2=NN=C3C=NC=C(OCC4=CN(CC5=CC=CC=C5)N=N4)N32,OSM S4
FC(F)OC(C=C1)=CC=C1C2=NN=C3C=NC=C(OCC(N=N4)=CN4C5=CC=CC=C5)N32,OSM S4
FC(F)OC(C=C1)=CC=C1C2=NN=C3C=NC=C(OCC4=CN(C5=NC(Cl)=CN=C5)N=N4)N32,OSM S4
IC12C(C3C1C4C52)C5C34C6=NN=C7C=NC=C(OCCC8=CC(F)=C(F)C=C8)N76,OSM S4
OC(C1=CC(F)=C(F)C=C1)COC2=CN=CC3=NN=C(C4=CC=C(C#N)C=C4)N32,OSM S4
FC(C=C1)=C(F)C=C1[C@@H](OC(F)F)COC2=CN=CC3=NN=C(C4=CC=C(C#N)C=C4)N32,OSM S4
FC1=C(F)C=CC(C(N(C)C)COC2=CN=CC3=NN=C(C4=CC=C(C#N)C=C4)N32)=C1,OSM S4
FC(C(Cl)=C1)=CC=C1NC(C2=CN=CC3=NN=C(C4=CC=C(OC(F)F)C=C4)N32)=O,OSM S4
FC(OC(C=C1)=CC=C1C2=NN=C3C=NC=C(CN4CC(C=CC=C5)=C5C4)N32)F,OSM S4
c1ncc2n(c1OCC(c1cc(c(cc1)F)F)CO)c(nn2)c1ccc(cc1)OC(F)F,OSM S4
IC12C3C4C5(C3C1C5C24)C6=NN=C7C=NC=C(C(NC8=CC(C(F)(F)F)=NC=C8)=O)N76,OSM S4
FC(F)OC(C=C1)=CC=C1C2=NN=C3C=NC=C(OCCC4=CC(OC)=CC=C4)N32,OSM S4
FC(F)OC(C=C1)=CC=C1C2=NN=C3C=NC=C(OCCC4=CC=C(OC)C=C4)N32,OSM S4
FC(F)OC(C=C1)=CC=C1C2=NN=C3C=NC=C(OC(C)C4=CC=C(F)C(F)=C4)N32,OSM S4
FC(F)OC(C=C1)=CC=C1C2=NN=C3C=NC=C(OC(C)C4=CC=C(C#N)C=C4)N32,OSM S4
FC(C=C1)=C(F)C=C1CCOC2=CN=CC3=NN=CN32,OSM S4
OC1=CN=CC2=NN=C(N3CCCCC3)N21,OSM S4
FC1=C(C=CC(C(COC2=CN=CC3=NN=C(N32)C4=CC=C(OC(F)F)C=C4)N(C)C)=C1)F,OSM S4
FC(OC1=CC=C(C2=NN=C3C=NC=C(N32)OCC(C4=CC(F)=C(C=C4)F)O)C=C1)F,OSM S4
ClC(C=C1)=CC=C1C2=NN=C3C=NC=C(N=[N+]=[N-])N32,OSM S4
FC(C(F)=C1)=CC=C1CCOC2=CN=CC3=NN=C(C4=CC=C(S(C)(=O)=O)C=C4)N32,OSM S4
[H]N(C1=NN=C(C2=CC=CC=C2)S1)C3=NC(OCCC4=CC=C(F)C=C4)=CN=C3,OSM S4
ClC1=CC=CC(N/N=C/C2=CC=C(C#N)C=C2)=N1,OSM S4
ClC1=CC=CC2=NN=C(C3=CC=C(C#N)C=C3)N21,OSM S4
ClC1=CC=CC(C(NC2=CC(C(F)(F)F)=NC=C2)=O)=N1,OSM S4
O=C(NC1=CC=NC(C(F)(F)F)=C1)C2=CC=CC(N/N=C/C3=CC=C(C#N)C=C3)=N2,OSM S4
O=C(NC1=CC=NC(C(F)(F)F)=C1)C2=CC=CC3=NN=C(C4=CC=C(C#N)C=C4)N32,OSM S4
ClC(C=CC=C1)=C1CCOC2=CC=CC3=NN=C(C4=CC=C(C#N)C=C4)N32,OSM S4
N#CC(C=C1)=CC=C1C2=NN=C3C=CC=C(OCCC4=CC=CC=C4)N32,OSM S4
FC(C(F)=C1)=CC=C1CCOC2=CC=CC3=NN=C(C4=CC=C(C#N)C=C4)N32,OSM S4
[C@H](COc1cncc2n1c(nn2)c1ccc(cc1)OC(F)F)(c1cc(c(cc1)F)F)NC,OSM S4
[C@H]1([C@@H](N(C1)C1CC1)c1cc(c(cc1)F)F)Oc1cncc2n1c(nn2)c1ccc(cc1)OC(F)F,OSM S4
[C@H]1([C@@H](N(C1=O)C1CC1)c1cc(c(cc1)F)F)Oc1cncc2n1c(nn2)c1ccc(cc1)OC(F)F,OSM S4
[C@H]1([C@H](N(C1)C1CC1)c1ccc(c(c1)F)F)Oc1cncc2nnc(n12)c1ccc(cc1)OC(F)F,OSM S4
[C@H]1(C(N([C@@H]1c1cc(c(cc1)F)F)C1CC1)=O)Oc1ncc2n(c1)c(nn2)c1ccc(cc1)OC(F)F,OSM S4
C(COc1cncc2n1c(nn2)c1ccc(cc1)OC(F)F)(c1ccc(c(c1)F)F)(F)C,OSM S4
C(COc1cncc2n1c(nn2)c1ccc(cc1)OC(F)F)(c1ccc(c(c1)F)F)(O)C,OSM S4
C(COc1cncc2n1c(nn2)c1ccc(cc1)OC(F)F)(c1ccc(c(c1)F)F)F,OSM S4
C=1\NC(c2n(/C1/OCCc1cc(c(cc1)F)F)c(nn2)c1ccc(cc1)OC(F)F)=O,OSM S4
c1(C(NCc2cncc3n2c(nn3)c2ccc(cc2)OC(F)F)=O)cc(ccc1)Cl,OSM S4
C1(CC1)(C(Oc1cncc2n1c(nn2)c1ccc(cc1)OC(F)F)C(F)(F)F)c1ccc(c(c1)F)F,OSM S4
c1(ccc2n(n1)c(nn2)c1ccc(cc1)C#N)NCCc1cnccc1,OSM S4
c1(ccc2n(n1)c(nn2)c1ccc(cc1)OC(F)F)NCCc1ccc(cc1)F,OSM S4
c1(ccc2n(n1)c(nn2)c1ccc(cc1)OC(F)F)OCCc1cc(c(cc1)F)F,OSM S4
c1(ccccc1)CCCc1cncc2n1c(nn2)c1ccc(cc1)OC(F)F,OSM S4
c1(ccccc1)CCCC1CNCc2n1c(nn2)c1ccc(cc1)OC(F)F,OSM S4
c1(CCN2CCOCC2)cncc2n1c(nn2)c1ccc(cc1)OC(F)F,OSM S4
C1(CN(C1)c1cc(c(cc1)F)F)Oc1cncc2n1c(nn2)c1ccc(cc1)OC(F)F,OSM S4
C1(COC1)(COc1cncc2n1c(nn2)c1ccc(cc1)OC(F)F)c1cc(c(cc1)F)F,OSM S4
c1(ncc2n(c1)c(nn2)c1ccc(cc1)OC(F)F)NC(Cc1cccc(c1)Cl)=O,OSM S4
c1(ncc2n(c1)c(nn2)c1ccc(cc1)OC(F)F)Nc1ccc(c(c1)F)F,OSM S4
c1(ncc2n(c1)c(nn2)c1ccc(cc1)OC(F)F)NCc1cc(c(cc1)F)F,OSM S4
c1(ncc2n(c1)c(nn2)c1ccc(cc1)OC(F)F)NCCc1ccc(cc1)F,OSM S4
c1(ncc2n(c1)c(nn2)c1ccc(cc1)OC(F)F)Oc1ccc(c(c1)F)F,OSM S4
c1(ncc2n(c1)c(nn2)c1ccc(cc1)OC(F)F)OCc1cc(c(cc1)F)F,OSM S4
c1(ncc2n(c1)c(nn2)c1ccc(cc1)OC(F)F)OCCc1cc(c(cc1)F)F,OSM S4
c1[n+](cc2n(c1OCCc1cc(c(cc1)F)F)c(nn2)c1ccc(cc1)OC(F)F)[O-],OSM S4
c1c(c(c(cc1)C(F)(F)F)Cl)CNC(c1cncc2n1c(nn2)c1ccc(cc1)OC(F)F)=O,OSM S4
c1c(c(ccc1Cl)Cl)CNC(c1cncc2n1c(nn2)c1ccc(cc1)OC(F)F)=O,OSM S4
c1c(ccc(c1F)F)CNC(c1cncc2n1c(nn2)c1ccc(cc1)OC(F)F)=O,OSM S4
c1cc(cc2c1n(cc2)C)Oc1cncc2n1c(nn2)c1ccc(cc1)OC(F)F,OSM S4
C1N(Cc2n(C1)c(nn2)c1ccc(cc1)OC(F)F)C(CN)=O,OSM S4
c1nc(c2n(c1OCCc1cc(c(cc1)F)F)c(nn2)c1ccc(cc1)OC(F)F)C,OSM S4
c1nc(c2n(c1OCCc1cc(c(cc1)F)F)c(nn2)c1ccc(cc1)OC(F)F)Cl,OSM S4
c1nc(c2n(c1OCCc1cc(c(cc1)F)F)c(nn2)c1ccc(cc1)OC(F)F)N,OSM S4
c1nc(c2n(c1OCCc1cc(c(cc1)F)F)c(nn2)c1ccc(cc1)OC(F)F)N(CC)CC,OSM S4
C1NCc2n(C1)c(nn2)c1ccc(cc1)OC(F)F,OSM S4
c1ncc2n(c1C(=O)N(Cc1cc(ccc1)Cl)C)c(nn2)c1ccc(cc1)OC(F)F,OSM S4
c1ncc2n(c1C(=O)N[C@H](c1ccccc1)C)c(nn2)c1ccc(cc1)OC(F)F,OSM S4
c1ncc2n(c1C(=O)N1CCc3c1ccc(c3)F)c(nn2)c1ccc(cc1)OC(F)F,OSM S4
c1ncc2n(c1C(=O)Nc1ccc(cc1Cl)F)c(nn2)c1ccc(cc1)OC(F)F,OSM S4
c1ncc2n(c1C(=O)NC1CCc3c1ccc(c3)Cl)c(nn2)c1ccc(cc1)OC(F)F,OSM S4
c1ncc2n(c1C(=O)Nc1ccnc(c1)C(F)(F)F)c(nn2)c1c(nn(c1C)c1ccc(cc1)F)C,OSM S4
c1ncc2n(c1C(=O)NCCc1ccccc1)c(nn2)c1ccc(cc1)OC(F)F,OSM S4
c1ncc2n(c1C(Nc1ncccc1)=O)c(nn2)c1ccc(cc1)OC(F)F,OSM S4
c1ncc2n(c1C(NCc1ccccc1Cl)=O)c(nn2)c1ccc(cc1)OC(F)F,OSM S4
c1ncc2n(c1CCCc1cc(c(cc1)F)F)c(nn2)c1ccc(cc1)OC(F)F,OSM S4
c1ncc2n(c1CCN1Cc3c(C1)cccc3)c(nn2)c1ccc(cc1)OC(F)F,OSM S4
c1ncc2n(c1CCO)c(nn2)c1ccc(cc1)OC(F)F,OSM S4
C1NCc2n(C1CCO)c(nn2)c1ccc(cc1)OC(F)F,OSM S4
c1ncc2n(c1COCc1cc(c(cc1)F)F)c(nn2)c1ccc(cc1)OC(F)F,OSM S4
c1ncc2n(c1N[C@H](c1cc(c(cc1)F)F)CO)c(nn2)c1ccc(cc1)OC(F)F,OSM S4
c1ncc2n(c1N1CCC(C1)c1ccccc1)c(nn2)c1ccc(cc1)OC(F)F,OSM S4
c1ncc2n(c1n1ccnc1Cc1cc(c(cc1)F)F)c(nn2)c1ccc(cc1)OC(F)F,OSM S4
c1ncc2n(c1n1ncc(c1)c1cc(c(cc1)F)F)c(nn2)c1ccc(cc1)OC(F)F,OSM S4
c1ncc2n(c1Nc1ccc(c(c1)Cl)Cl)c(nn2)c1ccc(cc1)OC(F)F,OSM S4
c1ncc2n(c1OC[C@@H](c1cc(c(cc1)F)F)N)c(nn2)c1ccc(cc1)OC(F)F,OSM S4
c1ncc2n(c1Oc1cc(c(cc1)Cl)C(F)(F)F)c(nn2)c1ccc(cc1)OC(F)F,OSM S4
c1ncc2n(c1Oc1cc(c(cc1)Cl)Cl)c(nn2)c1ccc(cc1)OC(F)F,OSM S4
c1ncc2n(c1Oc1cc3c(cc1)ccc(n3)C(F)(F)F)c(nn2)c1ccc(cc1)OC(F)F,OSM S4
c1ncc2n(c1Oc1cc3c(cc1)cccc3)c(nn2)c1ccc(cc1)OC(F)F,OSM S4
c1ncc2n(c1Oc1cc3c(cc1)CCCC3)c(nn2)c1ccc(cc1)OC(F)F,OSM S4
c1ncc2n(c1Oc1cc3nc(ccc3cc1)OC)c(nn2)c1ccc(cc1)OC(F)F,OSM S4
c1ncc2n(c1Oc1ccc(c(c1)Cl)Cl)c(nn2)c1c(n(nc1C)c1ccc(cc1)F)C,OSM S4
c1ncc2n(c1Oc1ccc(cc1)C(C)(C)C)c(nn2)c1ccc(cc1)OC(F)F,OSM S4
c1ncc2n(c1Oc1ccc(cc1)C(F)(F)F)c(nn2)c1ccc(cc1)OC(F)F,OSM S4
c1ncc2n(c1Oc1ccc(cc1)Cl)c(nn2)c1ccc(cc1)OC(F)F,OSM S4
c1ncc2n(c1Oc1ccc(cc1)S(F)(F)(F)(F)F)c(nn2)c1ccc(cc1)OC(F)F,OSM S4
c1ncc2n(c1Oc1ccc/3c(c1)OC(/C=C3/C)(C)C)c(nn2)c1ccc(cc1)OC(F)F,OSM S4
c1ncc2n(c1Oc1ccc3c(c1)cc(c(c3)F)F)c(nn2)c1ccc(cc1)OC(F)F,OSM S4
c1ncc2n(c1Oc1ccc3c(c1)cc(cc3F)F)c(nn2)c1ccc(cc1)OC(F)F,OSM S4
c1ncc2n(c1Oc1ccc3c(c1)cnc(n3)C(F)(F)F)c(nn2)c1ccc(cc1)OC(F)F,OSM S4
c1ncc2n(c1Oc1ccc3c(c1)n(nc3)C)c(nn2)c1ccc(cc1)OC(F)F,OSM S4
c1ncc2n(c1Oc1ccc3c(c1)nn(c3)C)c(nn2)c1ccc(cc1)OC(F)F,OSM S4
c1ncc2n(c1Oc1ccc3c(c1)onc3C)c(nn2)c1ccc(cc1)OC(F)F,OSM S4
c1ncc2n(c1Oc1ccc3c(c1)scc3)c(nn2)c1ccc(cc1)OC(F)F,OSM S4
c1ncc2n(c1Oc1cccc(c1)Cl)c(nn2)c1ccc(cc1)OC(F)F,OSM S4
c1ncc2n(c1Oc1cccc(c1)Oc1ccccn1)c(nn2)c1ccc(cc1)OC(F)F,OSM S4
c1ncc2n(c1OCC(c1cc(c(cc1)F)F)N1CCOCC1)c(nn2)c1ccc(cc1)OC(F)F,OSM S4
c1ncc2n(c1OCC(F)(F)F)c(nn2)c1c(n(nc1C)c1ccc(cc1)F)C,OSM S4
c1ncc2n(c1OCC(F)(F)F)c(nn2)c1ccc(cc1)OC(F)F,OSM S4
c1ncc2n(c1OCC1CCc3c1ccc(c3)Cl)c(nn2)c1ccc(cc1)OC(F)F,OSM S4
c1ncc2n(c1OCCc1cc(c(cc1)F)F)c(nn2)C1CCN(CC1)C(C)=O,OSM S4
c1ncc2n(c1OCCc1cc(c(cc1)F)F)c(nn2)C1CCOCC1,OSM S4
c1ncc2n(c1OCCc1cc(c(cc1)F)F)c(nn2)N1Cc2c(C1)cccc2,OSM S4
c1ncc2n(c1OCCc1cc(c(cc1)F)F)c(nn2)N1CCCCC1,OSM S4
c1ncc2n(c1OCCc1cc(c(cc1)F)F)c(nn2)Nc1cc(c(cc1)F)F,OSM S4
c1ncc2nnc(n2c1C(Nc1ccc(c(c1)F)F)=O)c1ccc(cc1)OC(F)F,OSM S4
c1ncc2nnc(n2c1C(Nc1ccc(cc1)F)=O)c1ccc(cc1)OC(F)F,OSM S4
c1ncc2nnc(n2c1OCc1cccc2c1cccc2)c1ccc(cc1)OC(F)F,OSM S4
c1ncc2nnc(n2c1OCCc1ccc(c(c1)F)F)N1CCc2c1ccc(c2)F,OSM S4
N(c1cncc2n1c(nn2)c1ccc(cc1)OC(F)F)S(Cc1ccc(cc1)C(F)(F)F)(=O)=O,OSM S4
N1(CC(C1)c1ccccc1)c1cncc2n1c(nn2)c1ccc(cc1)OC(F)F,OSM S4
N1(CC(C1)Oc1cc(c(cc1)F)F)c1cncc2n1c(nn2)c1ccc(cc1)OC(F)F,OSM S4
